[
  {
    "id": "art-1",
    "title": "Replace with Shopify URL \u2014 100\u00d770",
    "widthCm": 100,
    "heightCm": 70,
    "imageUrl": "https://via.placeholder.com/1400x980.png?text=Artwork+1"
  },
  {
    "id": "art-2",
    "title": "Replace with Shopify URL \u2014 80\u00d760",
    "widthCm": 80,
    "heightCm": 60,
    "imageUrl": "https://via.placeholder.com/1120x840.png?text=Artwork+2"
  },
  {
    "id": "art-3",
    "title": "Replace with Shopify URL \u2014 150\u00d7100",
    "widthCm": 150,
    "heightCm": 100,
    "imageUrl": "https://via.placeholder.com/1500x1000.png?text=Artwork+3"
  }
]