[
  {
    "id": "preset-01",
    "name": "Room 01",
    "photo": "/presets/room-01.png",
    "mask": "/presets/mask-01.png",
    "safeArea": {
      "x": 0.5,
      "y": 0.38,
      "w": 0.62,
      "h": 0.48
    }
  },
  {
    "id": "preset-02",
    "name": "Room 02",
    "photo": "/presets/room-02.png",
    "mask": "/presets/mask-02.png",
    "safeArea": {
      "x": 0.5,
      "y": 0.38,
      "w": 0.62,
      "h": 0.48
    }
  },
  {
    "id": "preset-03",
    "name": "Room 03",
    "photo": "/presets/room-03.png",
    "mask": "/presets/mask-03.png",
    "safeArea": {
      "x": 0.5,
      "y": 0.38,
      "w": 0.62,
      "h": 0.48
    }
  },
  {
    "id": "preset-04",
    "name": "Room 04",
    "photo": "/presets/room-04.png",
    "mask": "/presets/mask-04.png",
    "safeArea": {
      "x": 0.5,
      "y": 0.38,
      "w": 0.62,
      "h": 0.48
    }
  },
  {
    "id": "preset-05",
    "name": "Room 05",
    "photo": "/presets/room-05.png",
    "mask": "/presets/mask-05.png",
    "safeArea": {
      "x": 0.5,
      "y": 0.38,
      "w": 0.62,
      "h": 0.48
    }
  },
  {
    "id": "preset-06",
    "name": "Room 06",
    "photo": "/presets/room-06.png",
    "mask": "/presets/mask-06.png",
    "safeArea": {
      "x": 0.5,
      "y": 0.38,
      "w": 0.62,
      "h": 0.48
    }
  },
  {
    "id": "preset-07",
    "name": "Room 07",
    "photo": "/presets/room-07.png",
    "mask": "/presets/mask-07.png",
    "safeArea": {
      "x": 0.5,
      "y": 0.38,
      "w": 0.62,
      "h": 0.48
    }
  },
  {
    "id": "preset-08",
    "name": "Room 08",
    "photo": "/presets/room-08.png",
    "mask": "/presets/mask-08.png",
    "safeArea": {
      "x": 0.5,
      "y": 0.38,
      "w": 0.62,
      "h": 0.48
    }
  },
  {
    "id": "preset-09",
    "name": "Room 09",
    "photo": "/presets/room-09.png",
    "mask": "/presets/mask-09.png",
    "safeArea": {
      "x": 0.5,
      "y": 0.38,
      "w": 0.62,
      "h": 0.48
    }
  },
  {
    "id": "preset-10",
    "name": "Room 10",
    "photo": "/presets/room-10.png",
    "mask": "/presets/mask-10.png",
    "safeArea": {
      "x": 0.5,
      "y": 0.38,
      "w": 0.62,
      "h": 0.48
    }
  }
]