[
  {
    "id": "room01",
    "label": "Artplacer Room 1",
    "image": "/rooms/room01.png",
    "mask": "/rooms/room01_mask.png"
  },
  {
    "id": "room02",
    "label": "Artplacer Room 2",
    "image": "/rooms/room02.png",
    "mask": "/rooms/room02_mask.png"
  },
  {
    "id": "room03",
    "label": "Artplacer Room 3",
    "image": "/rooms/room03.png",
    "mask": "/rooms/room03_mask.png"
  },
  {
    "id": "room04",
    "label": "Artplacer Room 4",
    "image": "/rooms/room04.png",
    "mask": "/rooms/room04_mask.png"
  },
  {
    "id": "room05",
    "label": "Artplacer Room 5",
    "image": "/rooms/room05.png",
    "mask": "/rooms/room05_mask.png"
  },
  {
    "id": "room06",
    "label": "Artplacer Room 6",
    "image": "/rooms/room06.png",
    "mask": "/rooms/room06_mask.png"
  },
  {
    "id": "room07",
    "label": "Artplacer Room 7",
    "image": "/rooms/room07.png",
    "mask": "/rooms/room07_mask.png"
  },
  {
    "id": "room08",
    "label": "Artplacer Room 8",
    "image": "/rooms/room08.png",
    "mask": "/rooms/room08_mask.png"
  },
  {
    "id": "room09",
    "label": "Artplacer Room 9",
    "image": "/rooms/room09.png",
    "mask": "/rooms/room09_mask.png"
  },
  {
    "id": "room10",
    "label": "Artplacer Room 10",
    "image": "/rooms/room10.png",
    "mask": "/rooms/room10_mask.png"
  }
]